connector,electrical_pad,pcb_net,footprint_side
J4,1,M3_PHASEA,F.Cu
J4,2,M3_PHASEB,F.Cu
J4,3,M3_PHASEC,F.Cu
J5,1,M4_PHASEA,F.Cu
J5,2,M4_PHASEB,F.Cu
J5,3,M4_PHASEC,F.Cu
J8,1,GND,F.Cu
J8,2,BUZZER,F.Cu
J2,1,M1_PHASEA,F.Cu
J2,2,M1_PHASEB,F.Cu
J2,3,M1_PHASEC,F.Cu
J6,1,GND,F.Cu
J6,2,+BATT,F.Cu
J6,3,FC_Current_IO,F.Cu
J6,4,FC_Telemetry,F.Cu
J6,5,DSHOT1,F.Cu
J6,6,DSHOT2,F.Cu
J6,7,DSHOT3,F.Cu
J6,8,DSHOT4,F.Cu
J6,P1,,F.Cu
J6,P2,,F.Cu
J3,1,M2_PHASEA,F.Cu
J3,2,M2_PHASEB,F.Cu
J3,3,M2_PHASEC,F.Cu
J7,1,+3.3V,F.Cu
J7,2,SWDIO,F.Cu
J7,3,GND,F.Cu
J7,4,SWCLK,F.Cu
J7,5,GND,F.Cu
J7,6,SWO,F.Cu
J7,7,unconnected-(J7-Pin_7-Pad7),F.Cu
J7,8,TDI,F.Cu
J7,9,GND,F.Cu
J7,10,nRST,F.Cu
J9,1,GND,B.Cu
J9,2,GND,B.Cu
J9,3,GND,B.Cu
J9,4,GND,B.Cu
J9,5,+3.3V,B.Cu
J9,A1,DSHOT2,B.Cu
J9,A2,M4_IC,B.Cu
J9,A3,unconnected-(J9-PadA3),B.Cu
J9,A4,M4_BEMFA,B.Cu
J9,A5,nFAULTM4,B.Cu
J9,A6,M2_PWMA,B.Cu
J9,A7,M3_PWMA,B.Cu
J9,A8,SPI_nCSM4,B.Cu
J9,A9,M4_PWMB,B.Cu
J9,A10,M4_PWMA,B.Cu
J9,B1,unconnected-(J9-PadB1),B.Cu
J9,B2,M_TEMP2,B.Cu
J9,B3,M4_IA,B.Cu
J9,B4,M2_PWMC,B.Cu
J9,B5,M3_BEMFB,B.Cu
J9,B6,M2_PWMB,B.Cu
J9,B7,SPI_nCSM2,B.Cu
J9,B8,SPI_MISO,B.Cu
J9,B9,unconnected-(J9-PadB9),B.Cu
J9,B10,M3_PWMC,B.Cu
J9,C1,M2_IA,B.Cu
J9,C2,M2_BEMFC,B.Cu
J9,C3,unconnected-(J9-PadC3),B.Cu
J9,C4,unconnected-(J9-PadC4),B.Cu
J9,C5,nRST,B.Cu
J9,C6,nFAULTM2,B.Cu
J9,C7,SPI_MOSI,B.Cu
J9,C8,SPI_SCLK,B.Cu
J9,C9,M4_PWMC,B.Cu
J9,C10,unconnected-(J9-PadC10),B.Cu
J9,D1,M2_IB,B.Cu
J9,D2,M2_BEMFB,B.Cu
J9,D3,M2_IC,B.Cu
J9,D4,GND,B.Cu
J9,D5,BUCK_OUT,B.Cu
J9,D6,GND,B.Cu
J9,D7,BUCK_OUT,B.Cu
J9,D8,unconnected-(J9-PadD8),B.Cu
J9,D9,unconnected-(J9-PadD9),B.Cu
J9,D10,unconnected-(J9-PadD10),B.Cu
J9,E1,M_TEMP4,B.Cu
J9,E2,M4_BEMFC,B.Cu
J9,E3,M2_BEMFA,B.Cu
J9,E4,BUCK_OUT,B.Cu
J9,E5,GND,B.Cu
J9,E6,BUCK_OUT,B.Cu
J9,E7,GND,B.Cu
J9,E8,unconnected-(J9-PadE8),B.Cu
J9,E9,SWO,B.Cu
J9,E10,unconnected-(J9-PadE10),B.Cu
J9,F1,M_TEMP1,B.Cu
J9,F2,M1_BEMFB,B.Cu
J9,F3,M1_BEMFC,B.Cu
J9,F4,GND,B.Cu
J9,F5,VAA,B.Cu
J9,F6,GND,B.Cu
J9,F7,BUCK_OUT,B.Cu
J9,F8,FC_Telemetry,B.Cu
J9,F9,BUZZER,B.Cu
J9,F10,unconnected-(J9-PadF10),B.Cu
J9,G1,M1_IB,B.Cu
J9,G2,SPI_nCSM1,B.Cu
J9,G3,M_TEMP3,B.Cu
J9,G4,BUCK_OUT,B.Cu
J9,G5,GND,B.Cu
J9,G6,BUCK_OUT,B.Cu
J9,G7,GND,B.Cu
J9,G8,DRV_ENABLE,B.Cu
J9,G9,unconnected-(J9-PadG9),B.Cu
J9,G10,nFAULTM3,B.Cu
J9,H1,M1_IA,B.Cu
J9,H2,M1_BEMFA,B.Cu
J9,H3,DSHOT1,B.Cu
J9,H4,M3_IC,B.Cu
J9,H5,M3_BEMFC,B.Cu
J9,H6,M1_PWMA,B.Cu
J9,H7,SPI_nCSM3,B.Cu
J9,H8,unconnected-(J9-PadH8),B.Cu
J9,H9,FC_Current,B.Cu
J9,H10,INL_ENABLE,B.Cu
J9,J1,DSHOT4,B.Cu
J9,J2,M1_IC,B.Cu
J9,J3,unconnected-(J9-PadJ3),B.Cu
J9,J4,DSHOT3,B.Cu
J9,J5,VBAT_SNS,B.Cu
J9,J6,M1_PWMC,B.Cu
J9,J7,M4_IB,B.Cu
J9,J8,M3_PWMB,B.Cu
J9,J9,SWCLK,B.Cu
J9,J10,TDI,B.Cu
J9,K1,unconnected-(J9-PadK1),B.Cu
J9,K2,nFAULTM1,B.Cu
J9,K3,M3_IA,B.Cu
J9,K4,M3_BEMFA,B.Cu
J9,K5,M3_IB,B.Cu
J9,K6,M1_PWMB,B.Cu
J9,K7,unconnected-(J9-PadK7),B.Cu
J9,K8,M4_BEMFB,B.Cu
J9,K9,unconnected-(J9-PadK9),B.Cu
J9,K10,SWDIO,B.Cu
J1,1,+BATT,B.Cu
J1,2,GND,B.Cu
