index,ADC route,MCU pad,package pin,LGA pad,net,kind
0,A0_4,PA3,25,B3,M4_IA,current
1,A0_9,PB3,18,A4,M4_BEMFA,phase_voltage
2,A0_11,PA28,51,K1,unconnected-(J9-PadK1),spare
3,A0_12,PA17,33,E3,M2_BEMFA,phase_voltage
4,A0_15,PA16,32,C1,M2_IA,current
5,A0_18,PC14,45,H1,M1_IA,current
6,A0_19,PC15,46,H2,M1_BEMFA,phase_voltage
7,A0_21,PB24,55,K3,M3_IA,current
8,A0_27,PB27,58,K4,M3_BEMFA,phase_voltage
9,A1_5,PB4,30,D2,M2_BEMFB,phase_voltage
10,A1_7,PB1,16,B5,M3_BEMFB,phase_voltage
11,A1_12,PA18,34,D1,M2_IB,current
12,A1_13,PA5,27,B2,M_TEMP2,ntc_resistance
13,A1_16,PC10,41,F1,M_TEMP1,ntc_resistance
14,A1_18,PA8,69,J7,M4_IB,current
15,A1_19,PA9,70,K8,M4_BEMFB,phase_voltage
16,A1_22,PB25,56,G3,M_TEMP3,ntc_resistance
17,A1_23,PC8,39,E1,M_TEMP4,ntc_resistance
18,A1_24,PC11,42,F2,M1_BEMFB,phase_voltage
19,A1_25,PC12,43,G1,M1_IB,current
20,A1_30,PB30,61,K5,M3_IB,current
21,A2_2,PC9,40,F3,M1_BEMFC,phase_voltage
22,A2_4,PC7,38,E2,M4_BEMFC,phase_voltage
23,A2_5,PA29,52,J2,M1_IC,current
24,A2_7,PB26,57,H4,M3_IC,current
25,A2_10,PB29,60,H5,M3_BEMFC,phase_voltage
26,A2_22,PA7,29,D3,M2_IC,current
27,A2_24,PB5,31,C2,M2_BEMFC,phase_voltage
28,A2_25,PA2,22,A2,M4_IC,current
29,A2_29,PB31,62,J5,VBAT_SNS,battery_voltage
