SoM GPIO,MCU package pin,SoM LGA pad,QuadESC module pad,QuadESC net
PA0,20,J1.A3,J9.A3,unconnected-(J9-PadA3)
PA1,21,J1.C3,J9.C3,unconnected-(J9-PadC3)
PA2,22,J1.A2,J9.A2,M4_IC
PA3,25,J1.B3,J9.B3,M4_IA
PA4,26,J1.A1,J9.A1,DSHOT2
PA5,27,J1.B2,J9.B2,M_TEMP2
PA6,28,J1.B1,J9.B1,unconnected-(J9-PadB1)
PA7,29,J1.D3,J9.D3,M2_IC
PA8,69,J1.J7,J9.J7,M4_IB
PA9,70,J1.K8,J9.K8,M4_BEMFB
PA10,71,J1.J8,J9.J8,M3_PWMB
PA11,72,J1.K9,J9.K9,unconnected-(J9-PadK9)
PA12,73,J1.H8,J9.H8,unconnected-(J9-PadH8)
PA13,76,J1.K10,J9.K10,SWDIO
PA14,77,J1.J9,J9.J9,SWCLK
PA15,78,J1.J10,J9.J10,TDI
PA16,32,J1.C1,J9.C1,M2_IA
PA17,33,J1.E3,J9.E3,M2_BEMFA
PA18,34,J1.D1,J9.D1,M2_IB
PA19,90,J1.E9,J9.E9,SWO
PA20,91,J1.D8,J9.D8,unconnected-(J9-PadD8)
PA21,92,J1.D10,J9.D10,unconnected-(J9-PadD10)
PA22,93,J1.D9,J9.D9,unconnected-(J9-PadD9)
PA23,94,J1.C10,J9.C10,unconnected-(J9-PadC10)
PA24,95,J1.C9,J9.C9,M4_PWMC
PA25,96,J1.B10,J9.B10,M3_PWMC
PA26,47,J1.J1,J9.J1,DSHOT4
PA27,50,J1.H3,J9.H3,DSHOT1
PA28,51,J1.K1,J9.K1,unconnected-(J9-PadK1)
PA29,52,J1.J2,J9.J2,M1_IC
PA30,53,J1.K2,J9.K2,nFAULTM1
PA31,54,J1.J3,J9.J3,unconnected-(J9-PadJ3)
PB0,15,J1.A5,J9.A5,nFAULTM4
PB1,16,J1.B5,J9.B5,M3_BEMFB
PB2,17,J1.C4,J9.C4,unconnected-(J9-PadC4)
PB3,18,J1.A4,J9.A4,M4_BEMFA
PB4,30,J1.D2,J9.D2,M2_BEMFB
PB5,31,J1.C2,J9.C2,M2_BEMFC
PB6,65,J1.H6,J9.H6,M1_PWMA
PB7,66,J1.K6,J9.K6,M1_PWMB
PB8,67,J1.J6,J9.J6,M1_PWMC
PB9,68,J1.K7,J9.K7,unconnected-(J9-PadK7)
PB10,79,J1.G8,J9.G8,DRV_ENABLE
PB11,80,J1.H10,J9.H10,INL_ENABLE
PB12,81,J1.H9,J9.H9,FC_Current
PB13,7,J1.A7,J9.A7,M3_PWMA
PB14,8,J1.B7,J9.B7,SPI_nCSM2
PB15,9,J1.C6,J9.C6,nFAULTM2
PB16,82,J1.H7,J9.H7,SPI_nCSM3
PB17,83,J1.G10,J9.G10,nFAULTM3
PB18,84,J1.G9,J9.G9,unconnected-(J9-PadG9)
PB19,85,J1.F9,J9.F9,BUZZER
PB20,86,J1.F10,J9.F10,unconnected-(J9-PadF10)
PB21,87,J1.F8,J9.F8,FC_Telemetry
PB22,88,J1.E8,J9.E8,unconnected-(J9-PadE8)
PB23,89,J1.E10,J9.E10,unconnected-(J9-PadE10)
PB24,55,J1.K3,J9.K3,M3_IA
PB25,56,J1.G3,J9.G3,M_TEMP3
PB26,57,J1.H4,J9.H4,M3_IC
PB27,58,J1.K4,J9.K4,M3_BEMFA
PB28,59,J1.J4,J9.J4,DSHOT3
PB29,60,J1.H5,J9.H5,M3_BEMFC
PB30,61,J1.K5,J9.K5,M3_IB
PB31,62,J1.J5,J9.J5,VBAT_SNS
PC0,97,J1.B9,J9.B9,unconnected-(J9-PadB9)
PC1,98,J1.A10,J9.A10,M4_PWMA
PC2,1,J1.C8,J9.C8,SPI_SCLK
PC3,2,J1.A9,J9.A9,M4_PWMB
PC4,3,J1.B8,J9.B8,SPI_MISO
PC5,4,J1.A8,J9.A8,SPI_nCSM4
PC6,5,J1.C7,J9.C7,SPI_MOSI
PC7,38,J1.E2,J9.E2,M4_BEMFC
PC8,39,J1.E1,J9.E1,M_TEMP4
PC9,40,J1.F3,J9.F3,M1_BEMFC
PC10,41,J1.F1,J9.F1,M_TEMP1
PC11,42,J1.F2,J9.F2,M1_BEMFB
PC12,43,J1.G1,J9.G1,M1_IB
PC13,44,J1.G2,J9.G2,SPI_nCSM1
PC14,45,J1.H1,J9.H1,M1_IA
PC15,46,J1.H2,J9.H2,M1_BEMFA
PC18,19,J1.B4,J9.B4,M2_PWMC
PC25,10,J1.A6,J9.A6,M2_PWMA
PC26,11,J1.B6,J9.B6,M2_PWMB
