GPIO,MCU package pin,SoM net,SoM connector pads
PA0,20,BSL_UART_TX,J2.4; J1.A3
PA1,21,BSL_UART_RX,J2.6; J1.C3
PA2,22,PA2,J1.A2
PA3,25,PA3,J1.B3
PA4,26,PA4,J1.A1
PA5,27,PA5,J1.B2
PA6,28,BSL_INVOKE,J2.8; J1.B1
PA7,29,PA7,J1.D3
PA8,69,PA8,J1.J7
PA9,70,PA9,J1.K8
PA10,71,PA10,J1.J8
PA11,72,CAN_RX,J1.K9
PA12,73,CAN_TX,J1.H8
PA13,76,PA13,J2.2; J1.K10
PA14,77,PA14,J2.3; J1.J9
PA15,78,PA15,J3.3; J1.J10
PA16,32,PA16,J1.C1
PA17,33,PA17,J1.E3
PA18,34,PA18,J1.D1
PA19,90,PA19,J3.2; J1.E9
PA20,91,PA20,J6.6; J1.D8
PA21,92,PA21,J6.7; J1.D10
PA22,93,BSL_I2C_SDA,J3.10; J4.3; J1.D9
PA23,94,BSL_I2C_SCL,J3.9; J4.4; J1.C10
PA24,95,PA24,J1.C9
PA25,96,PA25,J1.B10
PA26,47,PA26,J1.J1
PA27,50,PA27,J1.H3
PA28,51,AN,J6.5; J1.K1
PA29,52,PA29,J1.J2
PA30,53,PA30,J1.K2
PA31,54,PA31,J1.J3
PB0,15,PB0,J1.A5
PB1,16,PB1,J1.B5
PB2,17,INT,J3.6; J1.C4
PB3,18,PB3,J1.A4
PB4,30,PB4,J1.D2
PB5,31,PB5,J1.C2
PB6,65,PB6,J1.H6
PB7,66,PB7,J1.K6
PB8,67,PB8,J1.J6
PB9,68,PB9,J1.K7
PB10,79,PB10,J1.G8
PB11,80,PB11,J1.H10
PB12,81,PB12,J3.5; J1.H9
PB13,7,PB13,J1.A7
PB14,8,PB14,J1.B7
PB15,9,PB15,J1.C6
PB16,82,PB16,J1.H7
PB17,83,PB17,J1.G10
PB18,84,PB18,J1.G9
PB19,85,PB19,J1.F9
PB20,86,PB20,J1.F10
PB21,87,PB21,J3.7; J1.F8
PB22,88,PB22,J3.8; J1.E8
PB23,89,PB23,J1.E10
PB24,55,PB24,J1.K3
PB25,56,PB25,J1.G3
PB26,57,PB26,J1.H4
PB27,58,PB27,J1.K4
PB28,59,PB28,J1.J4
PB29,60,PB29,J1.H5
PB30,61,PB30,J1.K5
PB31,62,PB31,J1.J5
PC0,97,CAN_TERM,J1.B9
PC1,98,PC1,J1.A10
PC2,1,PC2,J6.8; J1.C8
PC3,2,PC3,J1.A9
PC4,3,PC4,J6.9; J1.B8
PC5,4,PC5,J1.A8
PC6,5,PC6,J6.10; J1.C7
PC7,38,PC7,J1.E2
PC8,39,PC8,J1.E1
PC9,40,PC9,J1.F3
PC10,41,PC10,J1.F1
PC11,42,PC11,J1.F2
PC12,43,PC12,J1.G1
PC13,44,PC13,J1.G2
PC14,45,PC14,J1.H1
PC15,46,PC15,J1.H2
PC16,12,U1_XTAL_IN,
PC17,13,U1_XTAL_OUT,
PC18,19,PC18,J1.B4
PC25,10,PC25,J1.A6
PC26,11,PC26,J1.B6
