Reference,Qty,Value,MPN,Cap Dielectric,Cap Voltage Rating,DNP,Footprint,Datasheet
C1,1,1000uF,TBD,Aluminum electrolytic,35v,DNP,,
"C2,C8,C14,C20",4,10uF,C1210C106K5RACTU,X7R,50V,,Capacitor_SMD:C_1210_3225Metric,
"C3,C9,C15,C21,C27,C78,C84",7,.1uF,CC0201KRX7R6BB104,X7R,10V,,Capacitor_SMD:C_0201_0603Metric,
"C4,C10,C16,C22,C26,C82,C85",7,1uF,CC0402KRX7R6BB105,X7R,10V,,Capacitor_SMD:C_0402_1005Metric,
"C5,C11,C17,C23",4,.1uF,CC0402KRX7R9BB104,X7R,50V,,Capacitor_SMD:C_0402_1005Metric,
"C6,C12,C18,C24",4,1uF,C0603C105K3RACTU,X7R,25V,,Capacitor_SMD:C_0603_1608Metric,
"C7,C13,C19,C25",4,47nF,CC0402KRX7R9BB473,X7R,50V,,Capacitor_SMD:C_0402_1005Metric,
"C28,C32,C36,C40,C44,C48,C52,C56,C60,C64,C68,C72",12,1nF,GRM0335C1H102JE01D,C0G/NP0,50V,,Capacitor_SMD:C_0201_0603Metric,
"C29,C33,C37,C41,C45,C49,C53,C57,C61,C65,C69,C73",12,2.2uF,C2012X7R1H225K125AC,X7R,50V,,Capacitor_SMD:C_0805_2012Metric,
"C30,C34,C38,C42,C46,C50,C54,C58,C62,C66,C70,C74",12,4.7nF,CC0402KRX7R0BB472,X7R,100V,,Capacitor_SMD:C_0402_1005Metric,
"C31,C35,C39,C43,C47,C51,C55,C59,C63,C67,C71,C75",12,10nF,CC0402KRX7R0BB103,X7R,100V,,Capacitor_SMD:C_0402_1005Metric,
"C76,C77",2,4.7uF,C2012X7R1H475K125AC,X7R,50V,,Capacitor_SMD:C_0805_2012Metric,
C79,1,6.8nF,CC0201KRX7R7BB682,X7R,16V,,Capacitor_SMD:C_0201_0603Metric,
C80,1,39pF,CC0201JRNPO9BN390,C0G (NP0),50V,,Capacitor_SMD:C_0201_0603Metric,
"C81,C86,C87, C88",4,22uF,CC1206MKX7R7BB226,X7R,16V,,Capacitor_SMD:C_1206_3216Metric,
C83,1,10uF,C2012X7R1A106K125AC,X7R,10V,,Capacitor_SMD:C_0805_2012Metric,
D1,1,D,SMAJ26A,,,,SMAJ26A:SMAJ26A,
D2,1,LED,APHHS1005LZGCK-V,,,,LED_SMD:LED_0402_1005Metric,https://www.kingbrightusa.com/product.asp?catalog_name=LED&product_id=APHHS1005LZGCK-V
D3,1,D,PMEG6030AEXE-QX,,,,PMEG6030AEXE-QX:PMEG4030AEXEQX,
J1,1,,N/A - PCB wire pad,,,,WirePad_Battery_2P_5.0x9.0_DualSide:WirePad_Battery_2P_5.0x9.0_DualSide,
"J2,J3,J4,J5",4,,N/A - PCB wire pad,,,,WirePad_Motor_3P_4.0x6.0_DualSide:WirePad_Motor_3P_4.0x6.0_DualSide,
J6,1,Conn_01x08_Pin,SM08B-SRSS-TB(LF)(SN),,,,SM08B_SRSS_TB_new:JST_SM08B-SRSS-TB,
J7,1,ARM/JTAG,DNP,,,DNP,,
J8,1,MikroBUS L,DNP,,,DNP,,
J10,1,MikroBUS R,DNP,,,DNP,,
L1,1,10uH,SRP4020T-100M,,,,SRP4020T-100M:INDPM4441X200N,
"R1,R3,R4,R6,R7,R8,R10,R12,R20,R22. R2,R5,R9,R11",14,10k,RC0201FR-0710KL,,,,Resistor_SMD:R_0201_0603Metric,
"R13,R14,R15,R16,R17",5,0,RC0402JR-070RL,,,,Resistor_SMD:R_0402_1005Metric,
"R18,R23",2,2.2k,RC0201FR-072K2L,,,,Resistor_SMD:R_0201_0603Metric,
R19,1,100k,RC0402FR-07100KL,,,,Resistor_SMD:R_0402_1005Metric,
R21,1,4.7k,RC0201FR-074K7L,,,,Resistor_SMD:R_0201_0603Metric,
"R24,R29,R34,R39,R44,R49,R54,R59,R64,R69,R74,R79",12,33k,RC0402FR-0733KL,,,,Resistor_SMD:R_0402_1005Metric,
"R25,R30,R35,R40,R45,R50,R55,R60,R65,R70,R75,R80",12,3.3k,RC0201FR-073K3L,,,,Resistor_SMD:R_0201_0603Metric,
"R26,R31,R36,R41,R46,R51,R56,R61,R66,R71,R76,R81",12,2.21,CRCW08052R21FKEAHP,,,,Resistor_SMD:R_0805_2012Metric,
"R27,R32,R37,R42,R47,R52,R57,R62,R67,R72,R77,R82",12,4.7,RC0402FR-074R7L,,,,Resistor_SMD:R_0402_1005Metric,
"R28,R33,R38,R43,R48,R53,R58,R63,R68,R73,R78,R83",12,1mOhm,CSS2H-2512R-1L00F,,,,CSS2H-2512R-1L00F_new:RES_1L00x_BRN,
R84,1,162k,RC0201FR-07162KL,,,,Resistor_SMD:R_0201_0603Metric,
R85,1,10.5k,RC0201FR-0710K5L,,,,Resistor_SMD:R_0201_0603Metric,
R86,1,2k,RC0201FR-072KL,,,,Resistor_SMD:R_0201_0603Metric,
R87,1,13k,RC0201FR-0713KL,,,,Resistor_SMD:R_0201_0603Metric,
"R88,R89,R90",3,0,RC0201JR-070RL,,,,Resistor_SMD:R_0201_0603Metric,
"TH1,TH2,TH3,TH4",4,Thermistor_NTC,NCU15XH103F60RC,,,,Resistor_SMD:R_0402_1005Metric,
"U1,U2,U3,U4",4,DRV8323RSRGZT,DRV8323RSRGZT,,,,DRV8323RSRGZT_new:RGZ0048A,https://www.ti.com/lit/gpn/drv8323r
"U5,U6,U7,U8,U9,U10,U11,U12,U13,U14,U15,U16",12,CSD88599Q5DC,CSD88599Q5DC,,,,CSD88599Q5DC:DMM0022A,https://www.ti.com/lit/gpn/csd88599q5dc
U17,1,TPS54360BDDAR,TPS54360BDDAR,,,,TPS54360BDDAR_new:U_DDA_TEX,https://www.ti.com/lit/gpn/tps54360b
U18,1,TPS7A4701RGWR,TPS7A4701RGWR,,,,TPS7A4701RGWR_new:RGW0020A-MFG,https://www.ti.com/lit/gpn/tps7a47
