Reference,Qty,Value,DNP,Footprint,Datasheet,Manufacturer,MPN,Dielectric,Voltage Rating,Recommended Footprint,Review Notes,MPN Source
"C1,C14",2,10uF,,Capacitor_SMD:C_0603_1608Metric,,Murata,GRM188Z71A106KA73D,X7R,10 VDC,Capacitor_SMD:C_0603_1608Metric,"10uF bulk on 3.3V/5V rails. X7R, 10V. Verify effective capacitance under DC bias if regulator stability depends on the full nominal value.",https://www.murata.com/en-global/products/productdetail?partno=GRM188Z71A106KA73D
"C2,C10",2,2.2uF,,Capacitor_SMD:C_0402_1005Metric,,Murata,GRM155Z71A225KE44D,X7R,10 VDC,Capacitor_SMD:C_0402_1005Metric,2.2uF bulk for VDDA/VREF. Current 0402 footprint can stay; selected part is X7R.,https://www.murata.com/en-global/products/productdetail?partno=GRM155Z71A225KE44D
"C3,C4,C5,C6,C7,C8,C9,C11,C15,C16,C19,C20, C23",13,.1uF,,Capacitor_SMD:C_0201_0603Metric,,Murata,GRM033Z71C104KE14D,X7R,16 VDC,Capacitor_SMD:C_0201_0603Metric,"0.1uF decoupling. Genuine 0201 X7R is available, so these can remain 0201.",https://www.murata.com/en-global/products/productdetail?partno=GRM033Z71C104KE14D
"C12,C13",2,18pF,,Capacitor_SMD:C_0402_1005Metric,,Murata,GRM1555C1H180JA01D,C0G / NP0,50 VDC,Capacitor_SMD:C_0402_1005Metric,Crystal load capacitors. Use C0G/NP0 for low temperature coefficient and negligible voltage coefficient.,https://www.murata.com/en-global/products/productdetail?partno=GRM1555C1H180JA01D
C17,1,4.7nF,,Capacitor_SMD:C_0201_0603Metric,,YAGEO,CC0201KRX7R9BB472,X7R,50 VDC,Capacitor_SMD:C_0201_0603Metric,CAN split-termination center capacitor. X7R is appropriate; 50V rating permits the existing 0201 footprint.,https://yageogroup.com/content/datasheet/asset/file/UPY-GPHC_X7R_6_3V-TO-250V
C18,1,1uF,,Capacitor_SMD:C_0402_1005Metric,,Murata,GRM155Z71A105KE01D,X7R,10 VDC,Capacitor_SMD:C_0402_1005Metric,1uF on 3.3V debug input. Current 0402 footprint can stay.,https://www.murata.com/en-global/products/productdetail?partno=GRM155Z71A105KE01D
"C21,C22",2,4.7uF,,Capacitor_SMD:C_0402_1005Metric,,Murata,GRM188Z71A475KE15D,X7R,10 VDC,Capacitor_SMD:C_0603_1608Metric,CHANGE schematic footprint from 0402 to 0603 to meet the strict X7R-only requirement at 4.7uF/10V.,https://www.murata.com/en-global/products/productdetail?partno=GRM188Z71A475KE15D
CR1,1,ESD2CAN24DBZRQ1,,ESD2CAN24DBZRQ1:SOT-23_DBZ_TEX,ESD2CAN24DBZRQ1,Texas Instruments,ESD2CAN24DBZRQ1,,,ESD2CAN24DBZRQ1:SOT-23_DBZ_TEX,,https://www.ti.com/product/ESD2CAN24-Q1
D1,1,LED,,LED_SMD:LED_0402_1005Metric,,Kingbright,APHHS1005LZGCK-V,,,LED_SMD:LED_0402_1005Metric,"Green 525nm low-current 0402 status LED. Typical Vf 2.65V at 2mA; with R8 = 2.2kΩ from 3.3V, nominal LED current is about 0.30mA.",https://www.kingbrightusa.com/product.asp?catalog_name=LED&product_id=APHHS1005LZGCK-V
FB1,1,FerriteBead,,Inductor_SMD:L_0603_1608Metric,,Murata,BLM18EG121SN1D,,,Inductor_SMD:L_0603_1608Metric,"120 ohm @ 100MHz, 2A-rated ferrite bead for VDD-to-VDDA filtering.",https://www.murata.com/en-global/products/productdetail?partno=BLM18EG121SN1D
J1,1,Qwiic,,SM04B-SRSS-TB_new:CONN_SM04B-SRSS-TB_JST,,JST,SM04B-SRSS-TB,,,SM04B-SRSS-TB_new:CONN_SM04B-SRSS-TB_JST,JST notes that (LF)(SN) is displayed on the label.,https://www.jst-mfg.com/product/index.php?search_product=SM04B-SRSS-TB&type=1
J2,1,Drone_CAN,,SM04B_GHS_TB_new:JST_SM04B-GHS-TB,,JST,SM04B-GHS-TB,,,SM04B_GHS_TB_new:JST_SM04B-GHS-TB,JST notes that (LF)(SN) is displayed on the label.,https://www.jst-mfg.com/product/index.php?search_product=SM04B-GHS-TB&type=1&lang=2
J3,1,ZEPTO_DEBUG,DNP,Connector_PinHeader_2.54mm:PinHeader_1x08_P2.54mm_Vertical,,DNP,DNP - no procurement,,,Connector_PinHeader_2.54mm:PinHeader_1x08_P2.54mm_Vertical,Debug header is marked DNP.,
J5,1,MikroBUS L,DNP,,,DNP,DNP - no physical footprint,,,,MikroBUS L is marked DNP and has no physical footprint.,
J6,1,MikroBUS R,DNP,,,DNP,DNP - no physical footprint,,,,MikroBUS R is marked DNP and has no physical footprint.,
L1,1,ACT1210-101-2P-TL00,,ACT1210-101:IND_01-2P-TL00_TDK,ACT1210-101-2P-TL00,TDK,ACT1210-101-2P-TL00,,,ACT1210-101:IND_01-2P-TL00_TDK,,https://product.tdk.com/en/search/emc/emc/cmf_cmc/info?part_no=ACT1210-101-2P-TL00
"R1,R5,R14,R15",4,0,DNP,Resistor_SMD:R_0201_0603Metric,,YAGEO,RC0201JR-070RL,,,Resistor_SMD:R_0201_0603Metric,DNP option links; MPN provided for the populated option if ever stuffed.,https://www.yageo.com/en/ProductSearch?apply_filter=1&category=rchip&series=rc&subcategory=thick_film_general_purpose&target=target_pn
"R2,R6,R10",3,10k,,Resistor_SMD:R_0201_0603Metric,,YAGEO,RC0201FR-0710KL,,,Resistor_SMD:R_0201_0603Metric,,https://www.yageo.com/en/ProductSearch?apply_filter=1&category=rchip&series=rc&subcategory=thick_film_general_purpose&target=target_pn
"R3,R4,R7,R13,R17,R18",6,0,,Resistor_SMD:R_0201_0603Metric,,YAGEO,RC0201JR-070RL,,,Resistor_SMD:R_0201_0603Metric,,https://www.yageo.com/en/ProductSearch?apply_filter=1&category=rchip&series=rc&subcategory=thick_film_general_purpose&target=target_pn
R8,1,2.2k,,Resistor_SMD:R_0201_0603Metric,,YAGEO,RC0201FR-072K2L,,,Resistor_SMD:R_0201_0603Metric,,https://www.yageo.com/en/ProductSearch?apply_filter=1&category=rchip&series=rc&subcategory=thick_film_general_purpose&target=target_pn
R9,1,1.5k,,Resistor_SMD:R_0201_0603Metric,,YAGEO,RC0201FR-071K5L,,,Resistor_SMD:R_0201_0603Metric,,https://www.yageo.com/en/ProductSearch?apply_filter=1&category=rchip&series=rc&subcategory=thick_film_general_purpose&target=target_pn
"R11,R12",2,4.7k,,Resistor_SMD:R_0201_0603Metric,,YAGEO,RC0201FR-074K7L,,,Resistor_SMD:R_0201_0603Metric,,https://www.yageo.com/en/ProductSearch?apply_filter=1&category=rchip&series=rc&subcategory=thick_film_general_purpose&target=target_pn
"R16,R19",2,60.4,,Resistor_SMD:R_0201_0603Metric,,YAGEO,RC0201FR-0760R4L,,,Resistor_SMD:R_0201_0603Metric,1% split CAN termination resistors.,https://www.yageo.com/en/ProductSearch?apply_filter=1&category=rchip&series=rc&subcategory=thick_film_general_purpose&target=target_pn
R20,1,499,,Resistor_SMD:R_0201_0603Metric,,YAGEO,RC0201FR-07499RL,,,Resistor_SMD:R_0201_0603Metric,,https://www.yageo.com/en/ProductSearch?apply_filter=1&category=rchip&series=rc&subcategory=thick_film_general_purpose&target=target_pn
R21,1,180k,,Resistor_SMD:R_0201_0603Metric,,YAGEO,RC0201FR-07180KL,,,Resistor_SMD:R_0201_0603Metric,,https://www.yageo.com/en/ProductSearch?apply_filter=1&category=rchip&series=rc&subcategory=thick_film_general_purpose&target=target_pn
R22,1,100k,,Resistor_SMD:R_0201_0603Metric,,YAGEO,RC0201FR-07100KL,,,Resistor_SMD:R_0201_0603Metric,,https://www.yageo.com/en/ProductSearch?apply_filter=1&category=rchip&series=rc&subcategory=thick_film_general_purpose&target=target_pn
U1,1,XAM13E23019GTPZ,,XAM13E23019GTPZ_new:PZ0100A-MFG,https://www.ti.com/lit/gpn/am13e23019,Texas Instruments,XAM13E23019GTPZ,,,XAM13E23019GTPZ_new:PZ0100A-MFG,Verify the intended production-qualified/orderable AM13 part before volume release.,https://www.ti.com/product/AM13E23019/part-details/XAM13E23019GTPZ
U2,1,TCAN844DRBRQ1,,TCAN844DRBRQ1:DRB0008J-MFG,https://www.ti.com/lit/gpn/tcan844-q1,Texas Instruments,TCAN844DRBRQ1,,,TCAN844DRBRQ1:DRB0008J-MFG,,https://www.ti.com/product/TCAN844-Q1
U3,1,TPS2116DRLR,,TPS2116DRLR_new:DRL0008A-MFG,https://www.ti.com/lit/gpn/tps2116,Texas Instruments,TPS2116DRLR,,,TPS2116DRLR_new:DRL0008A-MFG,,https://www.ti.com/product/TPS2116
U4,1,TPS22950YBHR,,TPS22950YBHR_new:IC_TPS22950YBHR,,Texas Instruments,TPS22950YBHR,,,TPS22950YBHR_new:IC_TPS22950YBHR,,https://www.ti.com/product/TPS22950
U5,1,TPS7A2633DRVR,,TPS7A2633DRVR_new:DRV0006A,https://www.ti.com/lit/gpn/tps7a26,Texas Instruments,TPS7A2633DRVR,,,TPS7A2633DRVR_new:DRV0006A,,https://www.ti.com/product/TPS7A26
Y1,1,ECS-250-12-33-AGN-TR,,ECS_250_12_33_AGN_TR:XTAL_ECS-250-12-33-AGN-TR,,ECS Inc.,ECS-250-12-33-AGN-TR,,,ECS_250_12_33_AGN_TR:XTAL_ECS-250-12-33-AGN-TR,25MHz crystal; C12/C13 are specified as C0G/NP0 load capacitors.,https://ecsxtal.com/store/product/ecs-250-12-33-agn-tr/
